,class_name,individual_name
0,LINE,L1MC3
1,LTR,LTR60B
3,LTR,MER34C_v
4,LTR,MSTA1
5,LTR,MER4A1
6,LTR,MLT1I
7,LINE,L1M5
8,LTR,MLT1H2
9,LINE,L1MA4
10,SINE,AluY
11,LTR,MER4D1
12,LTR,MER4A
14,SINE,MIRb
15,LTR,MER31B
16,SINE,AluJb
17,SINE,AluSx3
18,SINE,AluSx
20,DNA,MER112
21,DNA,Ricksha_0
23,SINE,MIR3
25,DNA,MER46C
26,DNA,Charlie20a
28,SINE,AluSg
29,LINE,L1MD3
30,LINE,L1ME1
32,LINE,L1MD
34,SINE,AluYf1
35,LTR,MER39B
38,SINE,AluSq2
39,SINE,AluSx1
40,LTR,MLT1K
41,LTR,LTR9B
43,DNA,MER5A
45,LTR,MER4E1
46,SINE,AluSx4
47,LINE,L2c
48,LINE,L1ME4a
49,SINE,MIRc
50,LTR,MLT1E3
51,DNA,Charlie4z
52,LINE,L2a
53,SINE,FRAM
55,DNA,MER5B
58,LTR,LTR37B
59,SINE,AluSq
60,LTR,MLT1O
61,LTR,MSTA
62,SINE,Alu
65,DNA,MER103C
67,LTR,LTR39
68,SINE,AluSz6
69,LINE,L1PA4
71,LINE,L5
72,LINE,L2
74,LTR,LTR33
75,SINE,MIR
76,SINE,AluSc
77,LTR,MLT1H
79,LINE,L3
82,LTR,MamRep605
83,SINE,AluSz
88,DNA,Tigger5
91,LTR,MSTB1
92,LINE,L1MC5a
94,LINE,L1ME3B
95,LINE,L1M4
96,LINE,HAL1M8
97,LINE,L1MA2
98,LINE,L1PA6
100,LINE,L1PA5
101,LINE,L1P4
103,LINE,L1ME3D
105,LINE,L1PA8A
106,LINE,L1PA10
107,LINE,L1MA8
112,LINE,L1PA8
125,LTR,LTR22C2
131,LINE,L1PA15-16
144,LINE,L1PA11
153,LINE,L1MEd
155,LINE,L1M3
156,LINE,L1MA7
157,LTR,ERVL-E-int
159,LINE,L1PA7
169,LINE,L1M7
170,LINE,L1PA14
171,SINE,FLAM_C
172,LINE,L2b
174,LTR,MLT1H1
175,LTR,THE1B
177,LTR,LTR64
181,LTR,MLT1F2
184,LTR,LTR33B
185,LTR,MER65D
186,LINE,L1MA5
187,LTR,MLT1D
188,LTR,THE1D
189,SINE,AluYa5
193,SINE,AluYk2
194,LINE,L1M2c
202,SINE,AluJo
207,LINE,L1ME4c
209,DNA,MER1A
210,LTR,LTR41
212,Retroposon,SVA_E
216,DNA,MER8
239,LTR,MER21C
241,SINE,AluJr
242,LINE,L1MB8
250,SINE,AluSp
255,DNA,Tigger12
259,SINE,FLAM_A
262,SINE,AluSq10
263,LTR,LTR37A
266,LINE,L1ME4b
271,SINE,AluJr4
276,LTR,MER11C
285,DNA,Charlie29b
290,LTR,MSTD
296,SINE,AluSg7
315,LINE,L1MC4
327,DNA,MER3
328,DNA,MER5A1
329,LINE,L1MEg
330,DNA,MER33
331,LINE,L1ME3
332,LTR,LTR104_Mam
335,DNA,MER94
337,LTR,LTR7
339,LTR,MER67C
341,LTR,LTR67B
342,DNA,Tigger4b
344,DNA,Charlie1a
345,LTR,LTR79
346,DNA,Charlie1b
348,DNA,Tigger3a
357,DNA,MER113A
358,LINE,L1MB3
361,DNA,MER44B
365,LTR,MLT1C2
366,DNA,Chap1a_Mam
367,LINE,L1M8
368,DNA,MER58A
369,DNA,MER102c
371,DNA,Tigger7
372,LINE,L1MC
373,LTR,MER41D
374,LINE,HAL1
376,LTR,MLT1A1
377,LTR,LTR78
378,DNA,Tigger19b
385,LTR,LTR16C
387,Retroposon,SVA_D
389,LINE,L1M4b
390,LINE,L1MC1
394,LTR,MLT1B
395,DNA,Charlie5
399,LINE,L1PA3
402,DNA,Charlie19a
405,LTR,LTR2C
415,LINE,L1MB4
420,LTR,LOR1-int
421,LTR,LTR57-int
423,LTR,HERVK9-int
428,LTR,LTR49-int
429,LTR,MER65-int
430,LTR,LTR41B
441,DNA,MER102a
442,LINE,L1MB5
444,LTR,MER67A
446,LTR,HERV16-int
449,LTR,MLT1A
450,DNA,MER2B
452,SINE,AluYk3
457,LINE,L2d
458,LINE,L1MEc
472,DNA,MER63B
475,DNA,MER53
478,SINE,AluYg6
504,SINE,AluYe5
506,SINE,MIR1_Amn
509,LTR,MLT1G3
533,LTR,LTR12C
547,LTR,LTR13A
553,LINE,L1MA10
557,LINE,L1MEf
570,LINE,L1ME2
584,LINE,L1PB1
586,LTR,MER49
588,LTR,MER50
597,LTR,MamRep1151
608,LTR,MER41B
609,DNA,MER30
615,DNA,Arthur1B
626,LTR,LTR46
632,LINE,L1MB7
642,LTR,MER9a1
671,LTR,LTR13
675,LTR,LTR13_v
681,LTR,MER54A
688,LINE,L3b
689,LTR,MER68
699,LTR,MER4B
731,SINE,AluSc8
732,SINE,AluSg4
743,SINE,AluYh3
751,DNA,MER20
753,DNA,hAT-1_Mam
755,DNA,MER63D
760,LTR,MER66-int
766,LTR,MER66C
769,LTR,MER66B
774,Retroposon,SVA_A
779,SINE,AluYi6_4d
791,SINE,AluYh9
816,LTR,MER74B
817,LTR,LTR5_Hs
820,LTR,LTR2B
823,LTR,LTR75
836,LTR,HERVIP10B3-int
840,LTR,HERVIP10F-int
847,LTR,LTR10A
853,DNA,MER131
880,LINE,L1MC4a
885,LTR,LTR7B
888,LTR,LTR7C
891,SINE,AluSc5
923,LTR,HERVIP10FH-int
962,DNA,Charlie22a
973,SINE,AluYa8
1011,DNA,MER47C
1036,LTR,MER65A
1039,LTR,MER52A
1053,LTR,MER52C
1069,LTR,MER83
1073,LTR,MER21B
1084,DNA,MER113
1095,LTR,THE1C
1096,LTR,LTR26C
1097,LTR,LTR42
1101,LTR,MER4D
1113,LINE,L1M4a2
1114,LINE,L1M4c
1122,SINE,AluYb9
1135,DNA,Tigger1a_Art
1146,LTR,MER65B
1154,SINE,AluYc3
1164,LINE,L1MC5
1182,DNA,MER47A
1205,DNA,ORSL-2b
1224,SINE,AluYm1
1226,DNA,Tigger1
1233,SINE,AluYi6
1322,DNA,Tigger16a
1326,DNA,Arthur1A
1337,LINE,L1ME3G
1347,LINE,L1MEb
1364,DNA,Tigger15a
1396,DNA,X26_DNA
1420,DNA,Charlie15a
1429,SINE,AluYb8
1436,DNA,Tigger2
1452,LINE,L1PA16
1462,DNA,MER119
1471,LINE,X7B_LINE
1487,LINE,L2d2
1499,DNA,MER1B
1511,DNA,Charlie1
1560,LTR,ERV3-16A3_I
1561,LINE,L1MB2
1566,LTR,LTR16E1
1567,LTR,MLT2D
1574,DNA,Charlie2a
1584,DNA,MER81
1602,LINE,L1MEi
1610,DNA,MER91B
1624,LTR,MER31A
1625,LTR,MLT1A0
1627,LTR,MSTB
1628,LTR,ERVL-int
1641,LTR,LTR18B
1669,LTR,MLT1C
1672,DNA,Charlie8
1688,LTR,ERV3-16A3_LTR
1720,LTR,LTR81B
1722,LTR,LTR81
1724,LTR,LTR40b
1755,DNA,MER58B
1757,LTR,MER74A
1765,DNA,MER63A
1787,LTR,LTR52
1803,SINE,AluYk4
1804,LTR,MLT-int
1808,DNA,Charlie16
1816,LTR,MLT2B3
1828,DNA,Tigger3c
1834,DNA,MER91A
1840,LTR,MLT2B1
1843,SINE,AluYc
1845,LINE,L1M2
1858,DNA,MER47B
1876,SINE,AmnSINE2
1931,LINE,MamRTE1
1950,LTR,THE1A
1958,DNA,MER45B
1977,LTR,LTR81C
1978,LTR,MLT1J
1986,DNA,Tigger2a
2010,LTR,LTR41C
2019,DNA,OldhAT1
2024,DNA,MER58C
2040,DNA,Charlie15b
2050,LTR,LTR26
2116,LINE,L1ME3A
2128,LTR,LTR40c
2130,LTR,MER34
2131,LTR,LTR19A
2140,LTR,MER89
2148,LINE,L1MCc
2151,SINE,AmnSINE1
2165,LTR,HERVL-int
2173,LTR,LTR27C
2187,DNA,MER117
2192,LINE,L1M4a1
2201,LTR,LTR106_Mam
2210,LTR,LTR12D
2213,LTR,LTR12E
2217,DNA,MER75
2222,LTR,MLT2B4
2231,DNA,Tigger17b
2234,DNA,Charlie25
2240,LTR,MER51A
2242,DNA,MER96
2247,SINE,AluSq4
2261,DNA,MER44A
2278,LTR,MLT1E2
2293,DNA,MER107
2309,DNA,Arthur1C
2310,DNA,MER45C
2325,DNA,MER121
2332,LINE,L1PA12
2347,LTR,LTR16A1
2360,LINE,L1MDa
2364,LINE,L1MA4A
2368,LINE,L1ME3Cz
2370,LINE,L1ME2z
2377,LINE,L1PA15
2415,DNA,Eulor10
2440,LINE,AmnL2-1
2455,DNA,X30_DNA
2456,LINE,L1MC2
2469,DNA,MamTip2b
2479,DNA,Tigger17a
2518,SINE,MamSINE1
2532,LINE,L1ME3C
2574,LINE,L1PB4
2580,LINE,L1MEh
2581,LINE,L1MA5A
2611,LTR,LTR10B2
2619,LTR,LTR21C
2628,LTR,LTR62
2665,DNA,MER44C
2673,DNA,Charlie4a
2676,LTR,MER34C2
2678,LTR,MER34B-int
2679,LTR,MER31-int
2686,LTR,MER39
2701,LTR,Harlequin-int
2743,RC,Helitron3Na_Mam
2746,LTR,LTR5B
2747,LTR,LTR45C
2777,DNA,Tigger3d
2790,LTR,LTR8A
2797,LTR,HERVK13-int
2805,LTR,LTR38
2818,LTR,LTR3B_v
2837,LTR,MLT1E1
2839,LTR,LTR78B
2845,LINE,L1MB1
2846,DNA,Tigger4a
2889,LINE,L1MD2
2917,DNA,MER115
2923,LTR,MER77
2930,DNA,MADE2
2932,LTR,LTR3A
2951,LTR,MER77B
2956,LTR,LTR33C
2960,DNA,Kanga1a
2977,LTR,MLT2B2
2982,LTR,LTR40A1
2983,LTR,HERVL40-int
2994,LTR,MLT1L
3009,DNA,MER85
3010,LTR,MLT1J1
3020,LTR,MER92B
3021,LTR,LTR10E
3027,LTR,MER34A
3032,DNA,MER63C
3041,LTR,LTR16E2
3051,DNA,MER91C
3065,LTR,MLT1E1A
3069,LINE,L1PA13
3080,DNA,Kanga1b
3090,LINE,L4_B_Mam
3092,LTR,MLT1F1
3094,LINE,L1ME5
3096,DNA,MamRep4096
3117,LINE,L1MA9
3123,LTR,LTR85c
3129,LINE,L1P2
3138,LTR,LTR85a
3139,DNA,Tigger19a
3155,LINE,HAL1ME
3158,LTR,LTR24C
3162,LINE,L1MA1
3178,LTR,MSTC
3192,LTR,MER21A
3206,DNA,X6a_DNA
3218,LTR,MLT1J2
3269,LTR,MLT2A2
3287,LTR,MER48
3293,LTR,HERVH-int
3295,LINE,L1MCa
3296,LTR,LTR7Y
3298,LINE,L1PA17
3319,LTR,LTR53B
3344,LTR,MER4A1_v
3351,LINE,L1ME3E
3353,LTR,MER61B
3383,LTR,LTR16
3387,SINE,FAM
3394,LTR,LOR1a
3405,LTR,LTR33A_v
3413,LTR,MER57B1
3463,LTR,LTR16A2
3465,LTR,LTR53
3472,LINE,X17_LINE
3493,LTR,MER90a
3500,LTR,LTR50
3508,LTR,LTR1A2
3529,LTR,LTR89B
3540,LTR,MER11A
3543,LTR,LTR81AB
3561,LTR,LTR1B1
3580,LTR,MER61D
3585,LTR,MER61A
3596,DNA,Arthur1
3606,LINE,X7A_LINE
3610,LTR,LTR8
3613,DNA,Eutr15
3614,LTR,MLT2C1
3657,DNA,MamRep434
3673,LINE,L1PB2
3677,LINE,L1P3
3688,LTR,EUTREP8
3697,LINE,CR1_Mam
3701,DNA,MER45R
3721,DNA,MamTip1
3743,LTR,LTR101_Mam
3746,LINE,X6B_LINE
3758,LTR,MLT1G
3766,DNA,Tigger11a
3768,LTR,MER110
3786,LINE,Plat_L3
3788,LTR,MLT1N2
3790,LTR,LTR66
3801,LTR,MER54B
3803,LINE,L2-1_AMi
3818,DNA,BLACKJACK
3824,LTR,MER70A
3834,LTR,MLT1E
3845,LINE,L1ME3F
3865,LINE,L1MD1
3875,LTR,MamGypsy2-I
3910,LTR,LTR90B
3933,DNA,MER20B
3998,LTR,LTR16D
4001,LTR,MLT1F
4016,LTR,LTR24
4017,LTR,LTR24B
4023,LTR,MER57A1
4028,LTR,LTR10C
4034,DNA,MER45A
4037,DNA,MADE1
4043,LTR,MLT2A1
4048,LTR,LTR48B
4062,LTR,MLT2B5
4067,LTR,MER70B
4087,LINE,L1PREC2
4089,LINE,HAL1b
4106,DNA,MER121B
4126,SINE,LFSINE_Vert
4127,DNA,Tigger9b
4133,DNA,Kanga2_a
4141,LTR,MamRep1527
4146,DNA,Tigger23a
4171,LTR,MamGypLTR1a
4247,LINE,L1MEj
4264,LINE,L4_A_Mam
4270,DNA,MamRep38
4274,LINE,L1PB3
4283,LTR,LTR23
4286,LTR,MER34B
4289,LTR,LTR54
4300,LTR,MER34C
4313,DNA,MER75A
4315,LTR,LTR16A
4335,LINE,L1M6
4338,DNA,MER44D
4366,LTR,MER34A1
4384,LINE,L4_C_Mam
4451,DNA,MamRep1879
4488,LTR,LTR16B2
4567,DNA,Zaphod3
4596,DNA,MER58D
4600,DNA,MamTip2
4634,LTR,LTR33A
4672,LTR,MER41A
4685,LTR,LTR8B
4703,DNA,MER5C
4719,DNA,MER2
4773,LTR,MER4E
4808,DNA,Tigger13a
4809,LTR,LTR16D2
4811,DNA,ORSL
4825,DNA,MARNA
4852,LTR,LTR16B1
4875,LINE,L1MA6
4876,LTR,MLT1G1
4882,LTR,LTR84b
4919,LTR,LTR1C
4922,LTR,LTR5A
4925,LTR,MST-int
4947,LTR,LTR91
5105,Retroposon,SVA_C
5119,LTR,LTR40a
5125,LINE,L1PA2
5128,LINE,X12_LINE
5135,DNA,MER105
5138,LTR,LTR19B
5150,DNA,Charlie16a
5158,DNA,FordPrefect
5191,LTR,HERVP71A-int
5193,LTR,LTR71B
5212,LTR,LTR16D1
5252,DNA,Charlie18a
5255,LTR,MER51E
5292,LINE,L1P1
5315,LTR,LTR86A1
5367,LTR,LTR75_1
5370,LTR,MER72
5372,Retroposon,SVA_B
5601,DNA,Charlie32a
5768,Retroposon,SVA_F
5874,SINE,AluYj4
6175,LTR,MLT2C2
6182,LTR,LTR21B
6183,LTR,HERVFH21-int
6186,LTR,LTR14A
6293,DNA,Tigger5b
6326,LTR,LTR12
6364,LTR,MER101
6373,LINE,X7C_LINE
6379,LTR,LTR36
6439,DNA,MER130
6441,DNA,MER126
6462,LTR,MLT1M
6487,SINE,AluYk12
6505,LTR,LTR71A
6606,DNA,Tigger14a
6619,LINE,X24_LINE
6640,DNA,Charlie7a
6641,DNA,MamRep137
6652,DNA,Charlie29a
6657,LTR,MER4-int
6675,LTR,MLT2F
6702,DNA,Charlie17a
6712,DNA,MER94B
6757,DNA,Eulor2A
6809,LINE,X9_LINE
6829,LINE,Penelope1_Vert
6956,LTR,LTR86A2
6963,DNA,MER102b
6980,LINE,X5B_LINE
6989,LINE,X20_LINE
7210,LINE,Mam_R4
7264,DNA,Ricksha_c
7295,DNA,X9a_DNA
7404,LINE,CR1-16_AMi
7424,DNA,MER96B
7547,LTR,LTR1F
7571,DNA,Charlie24
7708,SINE,AluYh7
7724,DNA,MER75B
7733,DNA,Kanga11a
7972,DNA,Tigger3b
8006,DNA,Zaphod
8021,DNA,Charlie30a
8042,LTR,MER84-int
8044,LTR,MER84
8148,DNA,MARE8
8150,DNA,MARE4
8177,LINE,L1MA3
8215,DNA,Charlie10
8249,LTR,LTR9D
8295,DNA,Charlie26a
8352,DNA,Charlie21a
8395,LTR,MamGypLTR2c
8422,LTR,LTR103b_Mam
8457,DNA,EuthAT-2
8602,LTR,LTR29
8658,LTR,MamGypLTR1b
8741,DNA,Charlie10b
8746,DNA,Tigger16b
8793,LTR,LTR86C
8809,LINE,L1M
8883,DNA,Charlie2b
8981,DNA,MER104
9109,DNA,MER5C1
9147,DNA,Charlie23a
9170,DNA,Tigger9a
9214,DNA,Charlie17
9304,LINE,L1MCb
9389,DNA,Charlie4
9535,LTR,ERVL-B4-int
9603,LTR,HERV9-int
9605,LTR,MER51B
9627,LTR,LTR47A
9653,LTR,LTR82A
9669,LTR,LTR21A
9707,LTR,LTR77
9708,LTR,LTR61
9831,DNA,MER106B
9875,LTR,MER52D
9882,DNA,Charlie7
9943,LTR,LTR56
9966,LTR,MER4C
9988,LTR,MER41E
9990,SINE,AluYe6
10002,LTR,MER110A
10054,LTR,MER11D
10142,DNA,Tigger10
10156,DNA,hAT-N1a_Mam
10173,LTR,MamGypLTR3a
10177,LTR,Eutr10
10180,LTR,LTR26E
10220,DNA,MER124
10320,DNA,MamRep488
10454,DNA,Zaphod2
10555,LINE,CR1-3_Croc
10589,LTR,MER57B2
10673,LTR,LTR85b
10714,LTR,LTR9
10755,LTR,LTR2
10801,DNA,Charlie30b
11009,LTR,MER57C1
11032,LTR,MER21-int
11265,DNA,Tigger4
11397,DNA,MER97b
11455,DNA,ORSL-2a
11586,DNA,Kanga1d
11646,LTR,LTR83
11681,LTR,LTR1D1
11701,LTR,LTR51
11741,LTR,HUERS-P1-int
11820,DNA,Kanga1c
12070,DNA,Zaphod5a
12283,DNA,Tigger12c
12344,DNA,MER106A
12490,SINE,AluYk11
12529,LTR,LTR84a
12535,LTR,LTR5
12750,DNA,X22_DNA
12751,DNA,UCON29
12785,DNA,Charlie13a
12963,DNA,UCON26
13028,DNA,UCON105
13045,DNA,X6b_DNA
13072,DNA,Cheshire
13094,DNA,UCON81
13253,DNA,UCON73
13622,DNA,EutTc1-N2
13704,LINE,L2-2_Mam
13767,DNA,X5a_DNA
13837,DNA,Charlie13b
13986,LTR,LTR105_Mam
14130,LTR,LTR43B
14259,LTR,MSTB2
14336,LTR,LTR103_Mam
14388,LTR,MamGypLTR4
14402,LTR,LTR47B2
14566,DNA,X1_DNA
14817,DNA,X33a_DNA
14842,DNA,Tigger22N1
14999,DNA,HSMAR1
15260,LTR,MLT1J-int
15291,LTR,LTR75B
15620,LTR,LTR1C1
15685,LTR,MER67B
15831,DNA,UCON34
15905,SINE,AluYd8
15934,DNA,Eutr11
16065,LTR,MLT2E
16202,DNA,HSMAR2
16232,DNA,Tigger8
16289,LTR,PRIMA41-int
16296,LTR,LTR43-int
16297,LTR,LTR22B1
16314,LTR,MER89-int
16319,DNA,Zaphod4a
16338,LTR,MER70C
16366,LTR,LTR102_Mam
16392,LTR,LTR10F
16415,DNA,MER6
16475,DNA,Tigger6a
16478,LTR,PRIMA4-int
16479,LTR,HERVK-int
16490,LINE,L1PB
16491,LINE,L1M1
16496,LTR,MER41G
16531,LTR,LTR44
16555,LTR,MER34-int
16558,LTR,MER57A-int
16559,LTR,LTR45B
16636,LTR,LTR45
16647,LTR,MER101-int
16710,LTR,PRIMAX-int
16717,LTR,LTR1C3
16747,LINE,L1M3f
16758,LTR,LTR57
16862,LTR,HERVE-int
16908,LTR,HERV3-int
17118,LTR,MER4B-int
17164,LTR,ERV24B_Prim-int
17209,LTR,LTR12F
17228,LTR,HERV9NC-int
17253,LTR,LOR1b
17320,LTR,LTR88a
17558,LINE,X15_LINE
17566,DNA,MER6B
17568,LTR,LTR10B
17582,LTR,MamRep605b
17791,DNA,UCON58
17866,DNA,MamTip1b
17916,DNA,MER6C
17967,DNA,Ricksha
17974,LTR,LTR22A
18022,DNA,Tigger18a
18085,DNA,Ricksha_a
18128,DNA,MER125
18137,DNA,Charlie31a
18212,DNA,UCON35
18215,LTR,LTR86B1
18258,LTR,MamGypLTR1c
18278,LTR,LTR82B
18285,LTR,LTR88b
18385,RC,Helitron2Na_Mam
18435,LTR,LTR55
18500,DNA,X34_DNA
18552,LINE,L1HS
18572,DNA,MER6A
18592,DNA,Charlie17b
18788,LTR,LTR9A1
18867,DNA,Tigger12A
18877,LTR,LTR53-int
18928,DNA,MamTip3
18946,LINE,X6A_LINE
19098,DNA,MER135
19202,LTR,LTR32
19272,DNA,Tigger2b_Pri
19316,LINE,CR1-1_Amn
19320,LINE,X1_LINE
19406,LTR,LTR16B
19447,DNA,MER127
19808,LTR,LTR10D
20040,LTR,PRIMA4_LTR
20107,LTR,MER57E2
20131,LTR,MamGypLTR2b
20631,DNA,UCON78
20799,DNA,EUTREP2
20892,LTR,MER57F
20961,DNA,DNA1_Mam
21015,LTR,LTR12_v
21396,LTR,MER90
21502,LTR,MER129
21949,DNA,MERX
21959,LTR,LTR34
21962,LTR,MER9a2
22114,LTR,LTR23-int
22369,LTR,EUTREP16
22765,DNA,X9b_DNA
22768,LTR,ERV24_Prim-int
22777,LTR,LTR4
22778,LTR,LTR39-int
22782,LTR,MER87
22799,LTR,LTR49
22801,LTR,MER51D
22894,LTR,MLT1F-int
22961,DNA,X4b_DNA
23947,LTR,LTR25
24154,LTR,LTR54B
24158,LINE,L2-1_Crp
24182,LTR,LTR76
24270,LTR,PABL_B
24490,LTR,LTR15
24606,LTR,LTR38B
24675,LTR,HERV-Fc2_LTR
24739,LTR,LTR26B
24840,LTR,LTR25-int
24851,LTR,MER61-int
25264,LTR,LTR81A
25274,DNA,UCON44
25355,DNA,UCON89
25377,DNA,Kanga1
25607,LINE,UCON86
25686,RC,Helitron1Na_Mam
25691,RC,Helitron1Nb_Mam
26188,LTR,Eutr18
26245,DNA,X11_DNA
26395,DNA,Chap1_Mam
26406,DNA,X23_DNA
26436,DNA,UCON11
26798,LTR,LTR1F1
27018,LINE,X8_LINE
27746,LTR,LTR65
27987,DNA,MER30B
28139,LTR,HUERS-P3-int
28236,DNA,Eutr2B
28498,LTR,HERV35I-int
28609,LTR,MER9a3
28629,LTR,LTR37-int
28632,LTR,MER92-int
28902,LTR,LTR28B
29210,DNA,Charlie14a
29277,DNA,MamRep1894
29398,LTR,LTR14
29448,LTR,MER66A
29489,LTR,MamGyp-int
29545,LINE,L1PBa
29546,LINE,L1M2a
29657,DNA,Charlie9
29675,LTR,LTR26D
29772,LTR,HERVE_a-int
29912,LTR,LTR107_Mam
30191,LINE,MamRTE2
30274,DNA,UCON21
30294,DNA,Tigger20a
30560,LINE,L1P5
31076,DNA,X32_DNA
31233,LTR,MER73
31305,LTR,LTR06
31360,LTR,LTR48
31488,DNA,X2a_DNA
31884,DNA,hAT-N1_Mam
32196,LTR,PABL_A
32231,LTR,LTR28C
32335,LTR,MER57-int
32864,LTR,MER4D0
33108,DNA,Charlie10a
33157,LTR,LTR47A2
33371,DNA,UCON38
33386,DNA,Arthur2
33789,DNA,Tigger21a
33842,LTR,Eutr5
34242,DNA,X4a_DNA
35126,LTR,PABL_B-int
35349,DNA,UCON4
35499,DNA,hAT-5_Mam
35974,LTR,MER66D
36065,DNA,Charlie3
36099,LTR,LTR87
37104,LTR,LTR1
37182,LTR,MamGypLTR1d
37221,LTR,HERV1_LTRd
37437,DNA,Tigger3
37573,LTR,LTR80B
37913,DNA,Eutr16
38373,LTR,MER57E1
38571,DNA,UCON33
38597,LTR,MER41C
38602,LTR,LTR1E
38790,LTR,EUTREP7
39051,DNA,UCON37
39232,LINE,L1MEg2
39742,DNA,Looper
39822,LTR,LTR22B2
39875,DNA,Eulor12
39987,LTR,LTR6A
40545,LTR,MamGypLTR3
41061,DNA,X12_DNA
41207,DNA,X2b_DNA
41254,LTR,MER51C
41450,LTR,LTR35A
41629,LTR,MER4CL34
42202,LTR,MER51-int
42517,DNA,MER97c
42776,LTR,MER41-int
42880,LTR,MamGypsy2-LTR
43281,LTR,MER34D
43987,LTR,MER65C
43995,DNA,MamTip3B
44378,DNA,UCON55
45691,LTR,MER57C2
46878,LTR,LTR35
47066,LTR,MER50B
47940,LTR,LTR1D
48763,LTR,LTR91A
49039,LINE,L1MDb
49183,DNA,UCON7
49475,LTR,LTR31
49482,DNA,Tigger17d
49484,LTR,LTR1F2
49582,LINE,L1M3c
49731,LTR,HERVK22-int
50053,LTR,LTR17
50159,LTR,MER83B
50163,LTR,PrimLTR79
50440,LTR,LTR14B
50604,LTR,MLT1H-int
50612,LTR,LTR27
51032,LTR,MER74C
52373,LINE,L1PBa1
52505,DNA,MER99
52966,LTR,LTR88c
54025,LINE,L1M3e
54701,LTR,LTR6B
55049,LTR,LTR38A1
55071,LTR,EUTREP15
55102,LTR,LTR89
55152,LINE,L1P
55270,LTR,HERVS71-int
55571,LTR,HERVK11-int
57095,LTR,LTR90A
57149,LTR,THE1-int
57185,LINE,L1M6B
57435,LTR,MLT1-int
57601,LTR,LTR86B2
57897,DNA,MER97d
57989,LTR,LTR69
58075,LTR,THE1D-int
58345,LTR,LTR72B
58748,LTR,HERVFH19-int
59244,DNA,Tigger6b
59575,LTR,LTR80A
60267,LINE,L1MEg1
61051,LTR,LTR19-int
61170,LTR,LTR2752
61412,DNA,hAT-4b_Ther
61826,DNA,Zaphod5b
62159,DNA,X24_DNA
63106,DNA,Eulor2B
63541,LINE,CR1-L3A_Croc
63879,DNA,Eulor3
64302,DNA,UCON14
65110,LTR,LTR1B0
65554,LTR,LTR43
66257,DNA,UCON40
67600,LTR,MER70-int
67944,LINE,L1M3d
69314,LINE,L1MEa
69441,LINE,L1M3de
69568,DNA,Eulor9B
69569,DNA,Eulor9A
70686,LTR,HERV17-int
70818,RC,UCON99
71045,LINE,L1PBb
71597,DNA,EuthAT-N1
71678,LTR,MER68C
73068,LTR,LTR3B
73629,DNA,Ricksha_b
74045,LTR,MER76
74300,LINE,CR1-12_AMi
74449,DNA,MER97a
74941,LTR,LTR27B
75241,LTR,LTR47B4
75815,DNA,FordPrefect_a
75958,LTR,PABL_A-int
76404,LTR,LTR59
76525,LTR,HUERS-P3b-int
77239,DNA,Merlin1_HS
77967,LTR,LTR108a_Mam
78273,DNA,X10b_DNA
78714,DNA,Eutr2
78754,LINE,L1P4b
79253,DNA,UCON39
80551,LTR,MER61F
80567,LTR,HERV4_I
80721,LTR,LTR1A1
80736,LINE,L1M3a
80873,LTR,LTR12B
80875,LTR,HERV9N-int
80902,LTR,LTR60
81749,DNA,EUTREP4
82217,DNA,Eulor1
82510,LINE,L1M2b
82804,LINE,L1P4e
82863,LTR,LTR27E
83896,DNA,Tigger17
83928,LINE,L1P3b
84061,LINE,CR1-11_Crp
85254,LTR,LTR22C0
85935,LTR,LTR68
86097,LINE,CR1-L3B_Croc
93778,LTR,LTR28
94440,LINE,L1M2a1
95495,DNA,MER132
96011,LINE,X2_LINE
96120,DNA,UCON8
96250,LINE,MARE6
96725,DNA,Eulor6B
96980,LTR,MER68B
99847,DNA,MER123
100054,LTR,MER95
100864,LTR,MER57D
101586,DNA,Eulor6A
102283,DNA,Eulor5A
103279,LTR,MER61C
103841,LTR,HERVK14-int
105212,LTR,MER61E
105358,DNA,UCON69
105551,DNA,MER133A
107132,LTR,LTR18A
107572,LTR,LTR38-int
107911,LTR,MER72B
109497,LTR,LTR47B3
110087,DNA,Eulor9C
110251,LTR,HERVL18-int
110901,LINE,L1M3b
111369,LTR,LTR1B
111849,LTR,LTR9C
112197,DNA,UCON80
112661,LTR,LTR52-int
112920,DNA,MARE10
114017,LTR,MER67D
114396,LTR,MER92D
114483,LTR,MER50-int
114982,DNA,Tigger6
115129,LTR,MER83C
115810,LINE,L1P4a
115957,LINE,L1P4d
117317,LTR,MER101B
117341,DNA,Eulor6D
117405,LTR,MER110-int
117751,LTR,HERVL66-int
117752,LTR,HERVL32-int
117821,DNA,Tigger17c
117884,LTR,LTR58
118079,LINE,X7D_LINE
118117,DNA,Eulor8
118328,LTR,LTR22E
118466,LTR,LTR73
118768,LTR,MER68-int
120228,LINE,X13_LINE
121433,DNA,Eulor6C
122309,LTR,LTR35B
123439,LTR,LTR22B
125176,DNA,UCON2
125374,DNA,UCON15
125517,DNA,UCON9
125635,DNA,UCON9B
125771,LINE,CR1-13_AMi
125796,LTR,LTR27D
126289,DNA,UCON83
126710,DNA,Eulor2C
126762,DNA,UCON62
127118,DNA,Tigger1a_Mars
127519,DNA,Eulor11
127661,DNA,MER133B
128660,DNA,AmnHarb1
130802,LTR,LTR19C
133242,LTR,HERVK14C-int
133379,LTR,LTR30
134729,DNA,MER134
135035,LTR,UCON51
135375,DNA,Eulor7
136377,LTR,HERVKC4-int
136568,LTR,LTR10G
136592,LTR,MER52-int
136593,LTR,HUERS-P2-int
143859,LTR,LTR22
145546,LINE,X21_LINE
145715,DNA,Eulor6E
146955,LTR,UCON103
148177,LTR,MER87B
149067,DNA,Charlie11
149177,LTR,MER88
149216,LTR,LTR108e_Mam
149955,LTR,MER92C
152203,LTR,LTR10B1
152583,LTR,MER50C
153307,LTR,LTR3
153308,LTR,HERVK3-int
155288,LTR,LTR108d_Mam
155400,LTR,LTR18C
155805,LTR,MER83A-int
156646,LTR,MER92A
158708,LTR,MER11B
167036,LTR,MER83B-int
168614,LTR,HERV-Fc2-int
168615,DNA,Charlie6
170709,LTR,LTR72
185611,DNA,EuthAT-N1a
187457,DNA,UCON23
196785,LTR,HERVH48-int
203190,LTR,LTR14C
208924,DNA,UCON59
209943,LTR,LTR47B
212998,DNA,Eulor5B
214251,LTR,LTR38C
217230,LTR,HERV1_LTRa
227599,LTR,X1_LR
227926,LTR,LTR108c_Mam
237475,DNA,UCON97
243175,LTR,LTR108b_Mam
243221,LTR,MER76-int
243392,LTR,LTR22C
244162,LTR,ERVL47-int
246212,LTR,HERVL74-int
259205,DNA,MER136
262174,LTR,HERV15-int
269463,DNA,EutTc1-N1
284593,LTR,MER57E3
284659,LTR,LTR70
298898,LINE,L1P4c
304201,LTR,HERVK11D-int
328399,LTR,HERVI-int
349340,LTR,LTR109A2
398940,DNA,UCON100
418258,LTR,HERV-Fc1_LTR3
434353,DNA,Charlie12
463643,DNA,Charlie7b_Mars
529439,LTR,HERV1_LTRc
653146,LTR,MER9B
669442,LTR,LTR46-int
706406,DNA,Chompy-6_Croc
801256,LTR,HERV30-int
909663,SINE,Alu-VAR_rnd-5_family-1084
972557,LTR,HERV-Fc1_LTR1
979458,LTR,HERV1_I
1080619,LTR,HERV1_LTRe
1353517,LTR,HERV1_LTRb
1660492,LTR,HERV-Fc1-int
2385090,LTR,HERV-Fc1_LTR2
